{"global_step": 4851, "_timestamp": 1722290037.0793605, "rollout/ep_len_mean": 3.0, "rollout/ep_rew_mean": 657.9099731445312, "time/fps": 1.0, "_runtime": 2474.628669500351, "_step": 371, "train/actor_loss": -2001.212890625, "train/critic_loss": 48904.6640625, "train/ent_coef": 2.012706756591797, "train/ent_coef_loss": -0.007507830858230591, "train/learning_rate": 0.003000000026077032}