{"global_step": 35159, "_timestamp": 1722317288.078417, "rollout/ep_len_mean": 3.0, "rollout/ep_rew_mean": 1364.7900390625, "time/fps": 1.0, "_runtime": 29725.627726078033, "_step": 2680, "train/actor_loss": -1289.6575927734375, "train/critic_loss": 197653.078125, "train/ent_coef": 2.868706703186035, "train/ent_coef_loss": 0.2292812168598175, "train/learning_rate": 0.003000000026077032}