{"global_step": 612, "_timestamp": 1722339837.128805, "rollout/ep_len_mean": 6.039999961853027, "rollout/ep_rew_mean": -953.9600219726562, "time/fps": 3.0, "_runtime": 211.85272002220154, "_step": 25, "train/actor_loss": 39.389915466308594, "train/critic_loss": 79712.359375, "train/ent_coef": 1.3309783935546875, "train/ent_coef_loss": -2.64896297454834, "train/learning_rate": 0.003000000026077032}