{"global_step": 524, "_timestamp": 1722286885.723566, "rollout/ep_len_mean": 1.0, "rollout/ep_rew_mean": -345.8599853515625, "time/fps": 1.0, "_runtime": 529.6193699836731, "_step": 130, "train/actor_loss": 379.7061767578125, "train/critic_loss": 355465.3125, "train/ent_coef": 0.36720073223114014, "train/ent_coef_loss": -2.0972390174865723, "train/learning_rate": 0.003000000026077032}