{"global_step": 791, "_timestamp": 1722287401.8439145, "rollout/ep_len_mean": 39.54999923706055, "rollout/ep_rew_mean": 11146.5498046875, "time/fps": 4.0, "train/actor_loss": -617.8629150390625, "train/critic_loss": 200419.546875, "train/ent_coef": 0.22678197920322418, "train/ent_coef_loss": -3.4606988430023193, "train/learning_rate": 0.003000000026077032, "_runtime": 190.1102774143219, "_step": 4}