{"global_step": 25096, "_timestamp": 1722339475.7888381, "rollout/ep_len_mean": 3.0, "rollout/ep_rew_mean": -92.19000244140625, "time/fps": 1.0, "_runtime": 22072.416923046112, "_step": 2252, "train/actor_loss": 447.5843505859375, "train/critic_loss": 14332.9296875, "train/ent_coef": 0.9550670385360718, "train/ent_coef_loss": 0.028612609952688217, "train/learning_rate": 0.003000000026077032}