{"global_step": 268, "_timestamp": 1722286331.5362897, "rollout/ep_len_mean": 1.0, "rollout/ep_rew_mean": -525.9299926757812, "time/fps": 1.0, "_runtime": 267.13754057884216, "_step": 66, "train/actor_loss": 455.61065673828125, "train/critic_loss": 393793.4375, "train/ent_coef": 0.6100944876670837, "train/ent_coef_loss": -4.005837917327881, "train/learning_rate": 0.003000000026077032}